FLAB_R_L_01,TRUE,FALSE,FALSE,Gaita,"Flabiol,Respiració,Longitud",Nota llarga · 1 compàs,"Aguantar una nota tot un compàs de 6/8 sense que es desafine al final. A 45 BPM de negra amb punt, un compàs són 2,7 segons. Talla al final de l'últim clic, no al principi. Criteri: la nota no baixa ni puja al final i no se senten batiments contra el bordó de Mi.",GiT_INICI,FALSE,,,,,,,,RL1_un_compas.mp3,,,,
FLAB_R_L_02,TRUE,FALSE,FALSE,Gaita,"Flabiol,Respiració,Longitud",Nota llarga · 2 compassos,"El mateix, dos compassos seguits: 5,3 segons, la durada exacta d'una nota del bordó. Posa la pista del bordó darrere i escolta si hi ha batiments.",FLAB_R_L_01,FALSE,,,,,,,,RL2_dos_compassos.mp3,,,,
FLAB_R_L_03,TRUE,FALSE,FALSE,Gaita,"Flabiol,Respiració,Longitud",Nota llarga · 3 compassos,"Tres compassos: 8 segons. Ací ja es nota que la pressió de l'aire cau al final, i al flabiol la pressió és l'afinació. Bufa just i constant, no fort.",FLAB_R_L_02,FALSE,,,,,,,,RL3_tres_compassos.mp3,,,,
FLAB_R_L_04,TRUE,FALSE,FALSE,Gaita,"Flabiol,Respiració,Longitud",Nota llarga · 4 compassos,"Quatre compassos: 10,7 segons, la durada d'una frase sencera de la 3a veu. Si arribes ací, pots fer qualsevol frase de la peça sense tallar-la.",FLAB_R_L_03,TRUE,Alé de quatre compassos,"Aguantes una nota 10,7 segons sense desafinar: una frase sencera de la 3a veu d'una alenada.",🫁,GiT_FLAB_Ale_Llarg,,,,RL4_quatre_compassos.mp3,,,,
FLAB_R_N_01,TRUE,FALSE,FALSE,Gaita,"Flabiol,Respiració,Notes",Nota llarga · Mi,"Repeteix la progressió de longitud amb el Mi. És la nota més fàcil: és la del bordó, així que la referència i la nota coincideixen i qualsevol batiment es nota de seguida.",FLAB_R_L_02,FALSE,,,,,,,,RN1_mi.mp3,,,,
FLAB_R_N_02,TRUE,FALSE,FALSE,Gaita,"Flabiol,Respiració,Notes",Nota llarga · Si,"La mateixa progressió amb el Si. Dificultat mitjana. Contra el bordó de Mi fa una quinta, que també sona neta quan està afinada.",FLAB_R_N_01,FALSE,,,,,,,,RN2_si.mp3,,,,
FLAB_R_N_03,TRUE,FALSE,FALSE,Gaita,"Flabiol,Respiració,Notes",Nota llarga · Re greu,"El Re greu, amb tots els forats tapats. En flautes de bisell és una nota delicada: cal tapar perfecte i bufar suau, i se'n va avall amb molt poc.",FLAB_R_N_02,FALSE,,,,,,,,RN3_re_greu.mp3,,,,
FLAB_R_N_04,TRUE,FALSE,FALSE,Gaita,"Flabiol,Respiració,Notes",Nota llarga · Re agut,"El Re agut, la nota més alta de la peça. Les agudes demanen més pressió i es desafinen amb més facilitat, així que aguantar-les llargues costa més.",FLAB_R_N_03,TRUE,Tot el registre de la peça,"Aguantes notes llargues en tot el registre de la peça, de Re a Re'.",🎯,GiT_FLAB_Registre,,,,RN4_re_agut.mp3,,,,
FLAB_R_N_05,TRUE,FALSE,FALSE,Gaita,"Flabiol,Respiració,Notes,Extra",Nota llarga · Mi agut,"Objectiu extra: el Mi agut no apareix a la peça. Serveix per a tindre marge per damunt del Re agut, de manera que la nota més alta que has de tocar no siga la més alta que pots.",FLAB_R_N_04,FALSE,,,,,,,,RN5_mi_agut.mp3,,,,
FLAB_R_C_01,TRUE,FALSE,FALSE,Gaita,"Flabiol,Respiració,Control",Cicles · 1 i 1,"Cicles iguals: un compàs tocant i un compàs inspirant, seguits, sense parar. El silenci sencer és per a inspirar; al flabiol no fa falta expirar a banda com a la gaita.",FLAB_R_N_02,FALSE,,,,,,,,RC1_un_compas_tocant_un_inspirant.mp3,,,,
FLAB_R_C_02,TRUE,FALSE,FALSE,Gaita,"Flabiol,Respiració,Control",Cicles · 2 i un pols,"Dos compassos tocant i només un pols, tres clics, per a inspirar. Ací comença a assemblar-se a la peça de veritat.",FLAB_R_C_01,FALSE,,,,,,,,RC2_inspiracio_dun_pols.mp3,,,,
FLAB_R_C_03,TRUE,FALSE,FALSE,Gaita,"Flabiol,Respiració,Control",Cicles · amb retenció,"Inspira un pols, reté un pols, i toca. La retenció ha de ser curta i relaxada: si et tenses el coll, l'atac ix dur i es nota.",FLAB_R_C_02,FALSE,,,,,,,,RC3_inspira_rete_toca.mp3,,,,
FLAB_R_C_04,TRUE,FALSE,FALSE,Gaita,"Flabiol,Respiració,Control",Respiració ràpida · 3a veu,"Respiració ràpida com a la peça, un o dos clics, aplicada a la 3a veu amb els punts de respiració marcats: a la meitat i al final de cada frase de quatre compassos, robant temps a la nota anterior.",FLAB_R_C_03,TRUE,Respiració de la peça,"Fas la 3a veu sencera respirant als punts marcats, sense trencar la frase.",🌬️,GiT_FLAB_Respiracio,,,,RC4_3a_veu_frase_1.mp3,,,RC4_3a_veu_frase_2.mp3,
FLAB_R_V_01,TRUE,FALSE,FALSE,Gaita,"Flabiol,Respiració,Vibrato,Avançat",Vibrato · continu,"Vibrato d'aire, estret, durant tota la nota. Al flabiol l'afinació depén de la pressió, així que la nota ha d'ondular sense desafinar-se: el centre no es mou. El vibrato és l'ondulació del so; el trèmolo és una altra cosa.",FLAB_R_C_02,FALSE,,,,,,,,RV1_vibrato_continu.mp3,,,,
FLAB_R_V_02,TRUE,FALSE,FALSE,Gaita,"Flabiol,Respiració,Vibrato,Avançat",Vibrato · al final,Nota recta i vibrato només al final. És el més útil musicalment i el més difícil de controlar: has de poder decidir quan entra.,FLAB_R_V_01,FALSE,,,,,,,,RV2_vibrato_al_final.mp3,,,,
FLAB_R_V_03,TRUE,FALSE,FALSE,Gaita,"Flabiol,Respiració,Vibrato,Avançat",Vibrato · oscil·lant,"Vibrato que entra, s'eixampla i torna a quedar recte, tot dins de la mateixa nota.",FLAB_R_V_02,FALSE,,,,,,,,RV3_vibrato_oscillant.mp3,,,,
FLAB_R_V_04,TRUE,FALSE,FALSE,Gaita,"Flabiol,Respiració,Vibrato,Avançat",Vibrato · velocitats,"Controlar la velocitat del vibrato: primer una ona per pols, és a dir cada tres clics, i després una ona per clic.",FLAB_R_V_03,TRUE,Vibrato controlat,Decideixes quan entra el vibrato i a quina velocitat va.,〰️,GiT_FLAB_Vibrato,,,,RV4_velocitats_vibrato.mp3,,,,
FLAB_D_C_01,TRUE,FALSE,FALSE,Gaita,"Flabiol,Digitació,Complexitat",Bordó,"La veu més senzilla de la peça: notes llargues, poques i sense salts. Serveix de referència d'afinació per a tot el grup, així que val la pena tindre-la neta.",GiT_INICI,FALSE,,,,,,,,DC1_bordo.mp3,,,,
FLAB_D_C_02,TRUE,FALSE,FALSE,Gaita,"Flabiol,Digitació,Complexitat",3a veu,"Frases de quatre compassos, amb moviment però sense complicacions de digitació. És la veu on es treballen els punts de respiració.",FLAB_D_C_01,FALSE,,,,,,,,DC2_3a_veu.mp3,,,,
FLAB_D_C_03,TRUE,FALSE,FALSE,Gaita,"Flabiol,Digitació,Complexitat",Melodia · 1a veu,"La melodia de «Què és l'estiu per a mi?». En Mi menor, de Re a Re'.",FLAB_D_C_02,FALSE,,,,,,,,DC3_melodia.mp3,,,,
FLAB_D_C_04,TRUE,FALSE,FALSE,Gaita,"Flabiol,Digitació,Complexitat",2a veu C,"Probablement la veu més difícil de la peça: porta Re sostingut, el salt de tríton de Re sostingut cap a La, i el Re agut.",FLAB_D_C_03,TRUE,Les veus de la peça,"Toques les quatre veus de «Què és l'estiu per a mi?», inclosa la 2a veu C.",🎶,GiT_FLAB_Veus,,,,DC4_2a_veu_C.mp3,,,,
FLAB_D_C_05,TRUE,FALSE,FALSE,Gaita,"Flabiol,Digitació,Complexitat,Extra",Segones veus alternatives,"Opcional: les segones veus A i B, i la variació. Serveixen per a tindre recanvi quan es toca en grup i per a veure com es construeix una segona veu.",FLAB_D_C_04,FALSE,,,,,,,,DC5_2a_veu_A.mp3,,,DC5_2a_veu_B.mp3,
FLAB_D_V_01,TRUE,FALSE,FALSE,Gaita,"Flabiol,Digitació,Velocitat",Velocitat · 45,"La frase a 45 BPM de negra amb punt, el tempo de treball. Criteri per a avançar: ix tres vegades seguides sense cap error. El metrònom marca les corxeres.",FLAB_D_C_02,FALSE,,,,,,,,DV1_45.mp3,,,,
FLAB_D_V_02,TRUE,FALSE,FALSE,Gaita,"Flabiol,Digitació,Velocitat",Velocitat · 55,"La mateixa frase a 55. Si falla, torna a 45 i no et quedes a mitges: el criteri són tres passades netes seguides.",FLAB_D_V_01,FALSE,,,,,,,,DV2_55.mp3,,,,
FLAB_D_V_03,TRUE,FALSE,FALSE,Gaita,"Flabiol,Digitació,Velocitat",Velocitat · 65,"A 65. Ací ja estàs per damunt del tempo real de la peça, que és 43.",FLAB_D_V_02,FALSE,,,,,,,,DV3_65.mp3,,,,
FLAB_D_V_04,TRUE,FALSE,FALSE,Gaita,"Flabiol,Digitació,Velocitat",Velocitat · 80,A 80. D'ací cap amunt val més posar el metrònom als polsos: les corxeres van massa ràpides per a seguir-les.,FLAB_D_V_03,FALSE,,,,,,,,DV4_80.mp3,,,,
FLAB_D_V_05,TRUE,FALSE,FALSE,Gaita,"Flabiol,Digitació,Velocitat",Velocitat · 100,"A 100, més del doble del tempo real. No és per a tocar-la així: és entrenament de soltesa, perquè a 43 els dits vagen sobrats.",FLAB_D_V_04,TRUE,Dits solts,"Toques la frase a 100 BPM, més del doble del tempo de la peça.",⚡,GiT_FLAB_Dits_Solts,,,,DV5_100.mp3,,,,
